isp,cdn,content_length,stdev
twcny,akamai,0,14.753723
twcny,akamai,1000,8.822134
twcny,akamai,2000,64.650700
twcny,akamai,3000,61.479292
twcny,akamai,4000,94.566516
twcny,akamai,5000,92.224053
twcny,akamai,6000,78.610229
twcny,akamai,7000,81.182726
twcny,akamai,8000,50.746564
twcny,akamai,9000,63.544104
twcny,akamai,10000,121.088613
twcny,akamai,11000,73.043201
twcny,akamai,12000,83.352146
twcny,akamai,13000,79.013124
twcny,akamai,14000,74.194413
twcny,akamai,15000,139.634108
twcny,akamai,16000,128.982784
twcny,akamai,17000,78.114402
twcny,akamai,18000,11.258782
twcny,akamai,19000,12.031115
twcny,akamai,20000,69.665137
twcny,akamai,21000,14.191250
twcny,akamai,22000,47.617009
twcny,akamai,23000,142.341457
twcny,akamai,24000,73.344384
twcny,akamai,25000,96.981324
twcny,akamai,26000,15.893487
twcny,akamai,27000,105.294555
twcny,akamai,28000,85.275426
twcny,akamai,29000,15.106030
twcny,akamai,30000,122.724947
twcny,akamai,31000,118.140024
twcny,akamai,32000,82.998934
twcny,akamai,33000,158.163930
twcny,akamai,34000,16.483406
twcny,akamai,35000,158.881908
twcny,akamai,36000,20.169676
twcny,akamai,37000,128.259891
twcny,akamai,38000,119.804112
twcny,akamai,39000,178.278127
twcny,akamai,40000,109.756745
twcny,akamai,41000,59.748370
twcny,akamai,42000,173.882041
twcny,akamai,43000,15.445213
twcny,akamai,44000,220.180057
twcny,akamai,45000,16.558155
twcny,akamai,46000,114.989997
twcny,akamai,47000,24.090121
twcny,akamai,48000,22.906187
twcny,akamai,49000,134.464045
twcny,akamai,50000,18.204428
twcny,akamai,51000,143.185121
twcny,akamai,52000,119.091987
twcny,akamai,53000,57.002734
twcny,akamai,54000,15.474686
twcny,akamai,55000,202.704417
twcny,akamai,56000,168.912355
twcny,akamai,57000,18.980056
twcny,akamai,58000,17.408018
twcny,akamai,59000,61.247351
twcny,akamai,60000,24.432691
twcny,akamai,61000,157.135604
twcny,akamai,62000,30.485838
twcny,akamai,63000,186.763258
twcny,akamai,64000,27.794950
twcny,akamai,65000,28.116713
twcny,akamai,66000,24.999991
twcny,akamai,67000,31.537609
twcny,akamai,68000,216.942128
twcny,akamai,69000,21.607243
twcny,akamai,70000,169.218995
twcny,akamai,71000,16.189129
twcny,akamai,72000,31.946293
twcny,akamai,73000,21.577296
twcny,akamai,74000,22.330795
twcny,akamai,75000,18.784748
twcny,akamai,76000,17.834189
twcny,akamai,77000,24.298294
twcny,akamai,78000,17.425954
twcny,akamai,79000,10.808775
twcny,akamai,80000,29.096693
twcny,akamai,81000,22.478717
twcny,akamai,82000,16.860254
twcny,akamai,83000,25.526224
twcny,akamai,84000,22.675243
twcny,akamai,85000,22.179508
twcny,akamai,86000,15.785372
twcny,akamai,87000,23.219287
twcny,akamai,88000,12.062641
twcny,akamai,89000,34.922887
twcny,akamai,90000,21.147324
twcny,akamai,91000,45.498419
twcny,akamai,92000,32.017902
twcny,akamai,93000,21.940618
twcny,akamai,94000,41.879005
twcny,akamai,95000,20.980581
twcny,akamai,96000,22.477910
twcny,akamai,97000,17.329363
twcny,akamai,98000,223.035469
twcny,akamai,99000,19.595646
twcny,akamai,100000,13.012803
twcny,akamai,101000,21.078409
twcny,akamai,102000,18.261910
twcny,akamai,103000,19.166978
twcny,akamai,104000,10.415724
twcny,akamai,105000,20.794687
twcny,akamai,106000,276.906652
twcny,akamai,107000,23.777786
twcny,akamai,109000,17.841826
twcny,akamai,110000,24.512788
twcny,akamai,111000,16.301807
twcny,akamai,112000,16.199636
twcny,akamai,113000,25.945060
twcny,akamai,114000,4.605488
twcny,akamai,115000,23.562115
twcny,akamai,116000,16.754935
twcny,akamai,117000,14.776230
twcny,akamai,118000,19.401769
twcny,akamai,119000,13.763028
twcny,akamai,120000,11.094664
twcny,akamai,121000,28.021546
twcny,akamai,122000,15.128790
twcny,akamai,123000,298.901578
twcny,akamai,124000,33.744656
twcny,akamai,125000,7.860001
twcny,akamai,126000,30.541245
twcny,akamai,127000,23.391989
twcny,akamai,128000,21.865818
twcny,akamai,129000,21.833016
twcny,akamai,130000,254.755125
twcny,akamai,131000,14.303311
twcny,akamai,132000,22.341620
twcny,akamai,133000,8.590216
twcny,akamai,134000,23.202744
twcny,akamai,135000,28.312689
twcny,akamai,136000,31.840191
twcny,akamai,137000,87.522599
twcny,akamai,138000,20.267938
twcny,akamai,139000,10.115745
twcny,akamai,140000,35.038593
twcny,akamai,141000,16.493757
twcny,akamai,142000,14.996860
twcny,akamai,143000,15.889260
twcny,akamai,144000,28.804880
twcny,akamai,145000,22.548827
twcny,akamai,146000,18.606150
twcny,akamai,147000,40.176276
twcny,akamai,148000,19.193308
twcny,akamai,149000,34.904884
twcny,akamai,150000,31.224766
twcny,akamai,151000,28.660952
twcny,akamai,152000,16.264230
twcny,akamai,153000,28.453490
twcny,akamai,154000,17.001685
twcny,akamai,155000,8.776706
twcny,akamai,156000,26.643080
twcny,akamai,157000,43.501563
twcny,akamai,158000,100.657810
twcny,akamai,159000,8.275204
twcny,akamai,160000,15.395542
twcny,akamai,161000,52.674539
twcny,akamai,162000,28.515074
twcny,akamai,163000,37.909108
twcny,akamai,164000,329.167578
twcny,akamai,166000,10.972220
twcny,akamai,167000,31.940002
twcny,akamai,168000,35.573555
twcny,akamai,169000,23.513436
twcny,akamai,170000,20.012297
twcny,akamai,171000,49.233977
twcny,akamai,172000,41.566855
twcny,akamai,173000,16.743554
twcny,akamai,175000,34.113799
twcny,akamai,176000,319.292348
twcny,akamai,179000,3.149994
twcny,akamai,180000,33.390375
twcny,akamai,181000,451.789549
twcny,akamai,182000,0.940002
twcny,akamai,183000,20.221976
twcny,akamai,184000,17.925970
twcny,akamai,185000,28.141060
twcny,akamai,186000,16.832562
twcny,akamai,187000,20.730766
twcny,akamai,188000,25.633037
twcny,akamai,189000,10.254599
twcny,akamai,190000,24.491855
twcny,akamai,191000,2.204987
twcny,akamai,192000,19.844767
twcny,akamai,193000,25.061977
twcny,akamai,195000,12.327301
twcny,akamai,196000,78.627616
twcny,akamai,197000,19.495251
twcny,akamai,198000,28.128594
twcny,akamai,199000,27.147875
twcny,akamai,200000,24.461916
twcny,akamai,201000,32.830175
twcny,akamai,202000,16.648951
twcny,akamai,203000,30.648326
twcny,akamai,204000,17.611691
twcny,akamai,205000,1.339996
twcny,akamai,206000,15.202306
twcny,akamai,207000,7.854993
twcny,akamai,208000,411.208518
twcny,akamai,209000,21.792613
twcny,akamai,210000,19.331641
twcny,akamai,212000,22.467888
twcny,akamai,213000,23.629035
twcny,akamai,215000,30.986723
twcny,akamai,216000,25.107695
twcny,akamai,217000,20.090023
twcny,akamai,218000,34.946370
twcny,akamai,219000,18.746887
twcny,akamai,220000,7.214996
twcny,akamai,221000,105.953389
twcny,akamai,223000,46.334952
twcny,akamai,224000,3.470001
twcny,akamai,225000,36.207631
twcny,akamai,226000,15.958409
twcny,akamai,227000,8.942715
twcny,akamai,228000,33.474887
twcny,akamai,229000,34.679993
twcny,akamai,230000,2.475006
twcny,akamai,231000,61.079495
twcny,akamai,232000,299.597448
twcny,akamai,233000,7.185013
twcny,akamai,234000,307.194992
twcny,akamai,235000,75.340341
twcny,akamai,236000,9.266327
twcny,akamai,237000,41.580002
twcny,akamai,238000,20.957782
twcny,akamai,239000,43.468958
twcny,akamai,240000,37.293901
twcny,akamai,241000,3.149994
twcny,akamai,242000,37.313174
twcny,akamai,243000,430.135635
twcny,akamai,244000,20.436602
twcny,akamai,246000,279.136832
twcny,akamai,247000,48.287003
twcny,akamai,248000,24.078219
twcny,akamai,249000,13.730789
twcny,akamai,250000,21.715919
twcny,akamai,251000,15.345001
twcny,akamai,252000,10.179993
twcny,akamai,253000,37.506749
twcny,akamai,254000,80.950997
twcny,akamai,255000,68.423068
twcny,akamai,256000,22.122998
twcny,akamai,257000,21.189906
twcny,akamai,258000,7.520004
twcny,akamai,259000,19.162084
twcny,akamai,260000,11.585007
twcny,akamai,262000,29.985001
twcny,akamai,263000,33.521695
twcny,akamai,264000,2.574997
twcny,akamai,265000,64.675003
twcny,akamai,267000,32.460007
twcny,akamai,268000,17.904282
twcny,akamai,269000,50.380005
twcny,akamai,272000,19.869995
twcny,akamai,273000,257.972377
twcny,akamai,274000,16.220001
twcny,akamai,276000,3.044998
twcny,akamai,278000,30.767150
twcny,akamai,279000,29.620010
twcny,akamai,281000,401.610001
twcny,akamai,282000,16.832408
twcny,akamai,283000,2.740005
twcny,akamai,286000,28.084991
twcny,akamai,288000,8.991216
twcny,akamai,289000,6.930008
twcny,akamai,290000,257.808204
twcny,akamai,293000,17.845001
twcny,akamai,296000,11.569992
twcny,akamai,298000,16.359388
twcny,akamai,301000,32.540224
twcny,akamai,302000,162.990328
twcny,akamai,304000,332.074379
twcny,akamai,307000,46.850521
twcny,akamai,308000,9.770004
twcny,akamai,309000,14.645004
twcny,akamai,314000,52.694992
twcny,akamai,315000,33.803299
twcny,akamai,316000,1.850006
twcny,akamai,326000,6.330002
twcny,akamai,327000,65.031258
twcny,akamai,328000,280.290009
twcny,akamai,329000,408.005005
twcny,akamai,330000,23.066464
twcny,akamai,331000,13.240005
twcny,akamai,334000,315.562744
twcny,akamai,337000,16.645004
twcny,akamai,339000,9.939987
twcny,akamai,340000,10.165009
twcny,akamai,346000,139.407548
twcny,akamai,347000,51.887994
twcny,akamai,348000,8.829987
twcny,akamai,351000,14.260509
twcny,akamai,353000,8.185272
twcny,akamai,354000,36.065002
twcny,akamai,356000,17.860001
twcny,akamai,357000,20.399994
twcny,akamai,359000,54.895874
twcny,akamai,361000,8.655014
twcny,akamai,365000,22.140407
twcny,akamai,366000,16.169998
twcny,akamai,369000,9.625000
twcny,akamai,370000,50.605813
twcny,akamai,371000,5.671058
twcny,akamai,372000,18.251526
twcny,akamai,374000,37.864990
twcny,akamai,375000,70.429993
twcny,akamai,379000,8.629990
twcny,akamai,380000,10.864990
twcny,akamai,383000,186.821546
twcny,akamai,385000,19.277456
twcny,akamai,386000,46.595001
twcny,akamai,387000,80.960509
twcny,akamai,390000,28.889999
twcny,akamai,395000,404.690033
twcny,akamai,399000,26.783116
twcny,akamai,400000,58.640015
twcny,akamai,402000,13.790009
twcny,akamai,405000,194.719726
twcny,akamai,408000,55.206412
twcny,akamai,410000,40.629990
twcny,akamai,411000,45.333575
twcny,akamai,412000,0.639999
twcny,akamai,414000,41.935013
twcny,akamai,415000,434.447637
twcny,akamai,416000,0.044983
twcny,akamai,421000,15.959991
twcny,akamai,422000,312.218096
twcny,akamai,423000,39.056912
twcny,akamai,428000,17.660004
twcny,akamai,429000,102.720001
twcny,akamai,432000,42.034988
twcny,akamai,435000,50.785004
twcny,akamai,437000,43.565381
twcny,akamai,441000,21.889999
twcny,akamai,443000,44.988499
twcny,akamai,449000,14.858805
twcny,akamai,451000,78.389984
twcny,akamai,453000,25.285004
twcny,akamai,462000,18.810013
twcny,akamai,463000,43.225006
twcny,akamai,468000,38.249674
twcny,akamai,471000,189.899818
twcny,akamai,472000,2.565002
twcny,akamai,480000,175.143687
twcny,akamai,481000,229.910686
twcny,akamai,483000,82.568256
twcny,akamai,484000,13.119995
twcny,akamai,492000,5.220001
twcny,akamai,495000,22.639942
twcny,akamai,503000,11.470001
twcny,akamai,507000,21.005010
twcny,akamai,508000,42.482470
twcny,akamai,510000,288.475021
twcny,akamai,511000,18.474991
twcny,akamai,514000,18.235311
twcny,akamai,518000,72.990005
twcny,akamai,521000,13.790009
twcny,akamai,522000,3.879974
twcny,akamai,523000,38.021127
twcny,akamai,530000,18.549988
twcny,akamai,532000,9.315002
twcny,akamai,534000,231.070007
twcny,akamai,538000,31.121047
twcny,akamai,545000,34.217445
twcny,akamai,546000,219.923746
twcny,akamai,547000,2.494995
twcny,akamai,551000,29.208326
twcny,akamai,552000,5.079987
twcny,akamai,553000,30.583202
twcny,akamai,556000,123.616242
twcny,akamai,564000,0.050018
twcny,akamai,570000,70.553328
twcny,akamai,572000,1.635010
twcny,akamai,575000,4.005005
twcny,akamai,577000,119.418518
twcny,akamai,578000,23.820007
twcny,akamai,579000,14.394312
twcny,akamai,588000,34.676870
twcny,akamai,593000,31.735016
twcny,akamai,595000,90.175018
twcny,akamai,597000,6.005005
twcny,akamai,599000,358.905514
twcny,akamai,600000,26.621657
twcny,akamai,606000,11.125000
twcny,akamai,610000,1.910004
twcny,akamai,615000,14.079987
twcny,akamai,616000,6.779999
twcny,akamai,618000,72.915009
twcny,akamai,619000,45.145898
twcny,akamai,620000,8.519989
twcny,akamai,621000,98.482920
twcny,akamai,622000,59.107974
twcny,akamai,623000,17.875000
twcny,akamai,624000,415.165009
twcny,akamai,625000,467.940002
twcny,akamai,627000,38.369563
twcny,akamai,630000,14.022871
twcny,akamai,631000,33.594971
twcny,akamai,632000,18.642945
twcny,akamai,638000,29.216716
twcny,akamai,639000,4.074982
twcny,akamai,641000,11.820007
twcny,akamai,643000,279.850006
twcny,akamai,644000,270.500000
twcny,akamai,645000,22.040009
twcny,akamai,650000,29.805097
twcny,akamai,652000,31.450490
twcny,akamai,653000,17.880005
twcny,akamai,654000,24.523023
twcny,akamai,655000,23.448128
twcny,akamai,659000,269.060030
twcny,akamai,669000,15.279999
twcny,akamai,670000,28.575111
twcny,akamai,682000,117.725006
twcny,akamai,684000,65.616328
twcny,akamai,685000,37.877038
twcny,akamai,688000,439.416695
twcny,akamai,689000,27.294983
twcny,akamai,691000,16.584991
twcny,akamai,693000,29.014090
twcny,akamai,698000,51.324055
twcny,akamai,706000,8.179993
twcny,akamai,708000,29.164927
twcny,akamai,711000,804.319946
twcny,akamai,713000,19.200012
twcny,akamai,716000,14.230011
twcny,akamai,717000,192.140015
twcny,akamai,719000,374.462277
twcny,akamai,727000,10.424988
twcny,akamai,729000,12.524994
twcny,akamai,731000,27.794983
twcny,akamai,732000,13.795013
twcny,akamai,735000,18.581395
twcny,akamai,743000,366.544628
twcny,akamai,745000,27.744995
twcny,akamai,746000,530.314972
twcny,akamai,748000,24.744995
twcny,akamai,752000,159.182010
twcny,akamai,758000,40.276402
twcny,akamai,766000,11.725006
twcny,akamai,774000,63.660004
twcny,akamai,775000,157.580017
twcny,akamai,779000,12.355011
twcny,akamai,781000,171.475006
twcny,akamai,785000,36.755005
twcny,akamai,787000,25.999685
twcny,akamai,791000,33.184998
twcny,akamai,799000,1513.065033
twcny,akamai,800000,1.149994
twcny,akamai,801000,204.479980
twcny,akamai,807000,3.320007
twcny,akamai,812000,279.954791
twcny,akamai,817000,9.600006
twcny,akamai,818000,15.965027
twcny,akamai,822000,59.394989
twcny,akamai,824000,235.714996
twcny,akamai,826000,145.844971
twcny,akamai,833000,12.679993
twcny,akamai,846000,144.630035
twcny,akamai,849000,129.329987
twcny,akamai,861000,26.420104
twcny,akamai,869000,51.775024
twcny,akamai,877000,25.424988
twcny,akamai,882000,377.359985
twcny,akamai,912000,44.029999
twcny,akamai,913000,145.080017
twcny,akamai,924000,13.399994
twcny,akamai,926000,18.141236
twcny,akamai,936000,2.095001
twcny,akamai,946000,1.285004
twcny,akamai,955000,376.020293
twcny,akamai,959000,5.239990
twcny,akamai,965000,248.604980
twcny,akamai,969000,12.540009
twcny,akamai,976000,8.175018
twcny,akamai,982000,15.954987
twcny,akamai,998000,8.315002
twcny,akamai,1012000,44.770020
twcny,akamai,1015000,69.869995
twcny,akamai,1016000,32.628061
twcny,akamai,1033000,7.954987
twcny,akamai,1040000,8.523872
twcny,akamai,1048000,14.431961
twcny,akamai,1065000,518.904999
twcny,akamai,1069000,203.684998
twcny,akamai,1072000,125.390015
twcny,akamai,1082000,19.625000
twcny,akamai,1084000,3.480011
twcny,akamai,1098000,35.019958
twcny,akamai,1106000,22.385010
twcny,akamai,1113000,4.634979
twcny,akamai,1149000,37.425018
twcny,akamai,1155000,0.350006
twcny,akamai,1220000,15.074982
twcny,akamai,1254000,5.194977
twcny,edgecast,0,17.674686
twcny,edgecast,1000,29.614426
twcny,edgecast,2000,40.361046
twcny,edgecast,3000,175.032503
twcny,edgecast,4000,102.576006
twcny,edgecast,5000,70.254967
twcny,edgecast,6000,47.374943
twcny,edgecast,7000,34.853055
twcny,edgecast,8000,38.593657
twcny,edgecast,9000,89.857260
twcny,edgecast,10000,31.236673
twcny,edgecast,11000,68.608095
twcny,edgecast,12000,43.945698
twcny,edgecast,13000,109.182391
twcny,edgecast,14000,42.153251
twcny,edgecast,15000,68.350476
twcny,edgecast,16000,114.145964
twcny,edgecast,17000,47.291083
twcny,edgecast,18000,44.966626
twcny,edgecast,19000,36.124680
twcny,edgecast,20000,57.829863
twcny,edgecast,21000,46.615187
twcny,edgecast,22000,206.425063
twcny,edgecast,23000,41.438737
twcny,edgecast,24000,62.124639
twcny,edgecast,25000,37.035084
twcny,edgecast,26000,74.982042
twcny,edgecast,27000,69.585370
twcny,edgecast,28000,68.685538
twcny,edgecast,29000,33.940190
twcny,edgecast,30000,38.651970
twcny,edgecast,31000,73.029276
twcny,edgecast,32000,132.825494
twcny,edgecast,33000,36.849057
twcny,edgecast,34000,182.748342
twcny,edgecast,35000,141.136838
twcny,edgecast,36000,146.856543
twcny,edgecast,37000,146.142163
twcny,edgecast,38000,86.633890
twcny,edgecast,39000,66.899365
twcny,edgecast,40000,32.552368
twcny,edgecast,41000,52.544757
twcny,edgecast,42000,77.674422
twcny,edgecast,43000,71.235440
twcny,edgecast,44000,41.119515
twcny,edgecast,45000,82.924054
twcny,edgecast,46000,146.160456
twcny,edgecast,47000,36.186373
twcny,edgecast,48000,40.074200
twcny,edgecast,49000,70.718904
twcny,edgecast,50000,60.692333
twcny,edgecast,51000,43.798363
twcny,edgecast,52000,40.755874
twcny,edgecast,53000,44.676327
twcny,edgecast,54000,41.524504
twcny,edgecast,55000,41.893685
twcny,edgecast,56000,39.601922
twcny,edgecast,57000,38.253139
twcny,edgecast,58000,36.176717
twcny,edgecast,59000,98.251998
twcny,edgecast,60000,34.833340
twcny,edgecast,61000,242.232572
twcny,edgecast,62000,31.807111
twcny,edgecast,63000,45.595533
twcny,edgecast,64000,43.603532
twcny,edgecast,65000,74.161915
twcny,edgecast,66000,56.267771
twcny,edgecast,67000,55.961725
twcny,edgecast,68000,154.898103
twcny,edgecast,69000,40.587763
twcny,edgecast,70000,34.440957
twcny,edgecast,71000,37.296743
twcny,edgecast,72000,36.621221
twcny,edgecast,73000,42.457570
twcny,edgecast,74000,51.158975
twcny,edgecast,75000,45.912091
twcny,edgecast,76000,39.389610
twcny,edgecast,77000,75.844931
twcny,edgecast,78000,38.070264
twcny,edgecast,79000,263.181020
twcny,edgecast,80000,137.603338
twcny,edgecast,81000,52.556352
twcny,edgecast,82000,776.640591
twcny,edgecast,83000,30.260958
twcny,edgecast,84000,43.030764
twcny,edgecast,85000,45.075342
twcny,edgecast,86000,35.657046
twcny,edgecast,87000,113.478099
twcny,edgecast,88000,73.955564
twcny,edgecast,89000,47.647149
twcny,edgecast,90000,45.808315
twcny,edgecast,91000,45.463255
twcny,edgecast,92000,37.903387
twcny,edgecast,93000,44.403283
twcny,edgecast,94000,32.174368
twcny,edgecast,95000,44.334023
twcny,edgecast,96000,33.585122
twcny,edgecast,97000,57.398288
twcny,edgecast,98000,51.053198
twcny,edgecast,99000,86.380988
twcny,edgecast,100000,49.835377
twcny,edgecast,101000,37.107992
twcny,edgecast,102000,88.730805
twcny,edgecast,103000,161.260364
twcny,edgecast,104000,54.069104
twcny,edgecast,105000,51.960970
twcny,edgecast,106000,44.127113
twcny,edgecast,107000,602.045267
twcny,edgecast,109000,65.423850
twcny,edgecast,110000,31.045719
twcny,edgecast,111000,44.171759
twcny,edgecast,112000,39.508558
twcny,edgecast,113000,42.363684
twcny,edgecast,114000,14.799439
twcny,edgecast,115000,57.269124
twcny,edgecast,116000,13.350206
twcny,edgecast,117000,49.347565
twcny,edgecast,118000,80.038585
twcny,edgecast,119000,16.548687
twcny,edgecast,120000,48.040893
twcny,edgecast,121000,44.729695
twcny,edgecast,122000,35.576202
twcny,edgecast,123000,65.340751
twcny,edgecast,124000,9.752355
twcny,edgecast,125000,45.915001
twcny,edgecast,126000,273.322295
twcny,edgecast,127000,43.966649
twcny,edgecast,128000,55.170649
twcny,edgecast,129000,41.281447
twcny,edgecast,130000,43.679733
twcny,edgecast,131000,43.114777
twcny,edgecast,132000,48.275993
twcny,edgecast,133000,59.721282
twcny,edgecast,134000,523.943072
twcny,edgecast,135000,46.588904
twcny,edgecast,136000,64.656176
twcny,edgecast,137000,112.700480
twcny,edgecast,138000,63.893983
twcny,edgecast,139000,26.226483
twcny,edgecast,140000,57.469093
twcny,edgecast,141000,40.058617
twcny,edgecast,142000,49.375035
twcny,edgecast,143000,51.348756
twcny,edgecast,144000,48.718833
twcny,edgecast,145000,45.903546
twcny,edgecast,146000,69.378793
twcny,edgecast,147000,58.729005
twcny,edgecast,148000,31.459205
twcny,edgecast,149000,40.565952
twcny,edgecast,150000,44.971657
twcny,edgecast,151000,63.279451
twcny,edgecast,152000,27.803907
twcny,edgecast,153000,56.334855
twcny,edgecast,154000,87.927969
twcny,edgecast,155000,61.743326
twcny,edgecast,156000,51.328544
twcny,edgecast,157000,9.146919
twcny,edgecast,158000,744.846705
twcny,edgecast,159000,70.387742
twcny,edgecast,160000,33.483649
twcny,edgecast,161000,78.254385
twcny,edgecast,162000,44.712871
twcny,edgecast,163000,39.584668
twcny,edgecast,164000,23.175405
twcny,edgecast,166000,51.725928
twcny,edgecast,167000,21.750000
twcny,edgecast,168000,48.706515
twcny,edgecast,169000,31.648558
twcny,edgecast,170000,63.334150
twcny,edgecast,171000,46.790928
twcny,edgecast,172000,62.033168
twcny,edgecast,173000,57.339981
twcny,edgecast,175000,50.380523
twcny,edgecast,176000,49.073768
twcny,edgecast,179000,6.055008
twcny,edgecast,180000,16.860070
twcny,edgecast,181000,47.969200
twcny,edgecast,182000,18.570007
twcny,edgecast,183000,48.204083
twcny,edgecast,184000,49.833234
twcny,edgecast,185000,45.958843
twcny,edgecast,186000,5.828680
twcny,edgecast,187000,42.297697
twcny,edgecast,188000,9.860772
twcny,edgecast,189000,48.029154
twcny,edgecast,190000,53.629023
twcny,edgecast,191000,73.355011
twcny,edgecast,192000,34.247129
twcny,edgecast,193000,60.976341
twcny,edgecast,195000,7.910589
twcny,edgecast,196000,36.093473
twcny,edgecast,197000,31.927049
twcny,edgecast,198000,17.452850
twcny,edgecast,199000,585.975611
twcny,edgecast,200000,79.743714
twcny,edgecast,201000,67.901851
twcny,edgecast,202000,20.436299
twcny,edgecast,203000,60.751153
twcny,edgecast,204000,36.771670
twcny,edgecast,205000,43.385002
twcny,edgecast,206000,55.655433
twcny,edgecast,207000,5.686870
twcny,edgecast,208000,38.235527
twcny,edgecast,209000,41.926632
twcny,edgecast,210000,42.555420
twcny,edgecast,212000,13.009096
twcny,edgecast,213000,52.369547
twcny,edgecast,215000,37.734344
twcny,edgecast,216000,183.700552
twcny,edgecast,217000,48.511087
twcny,edgecast,218000,53.057511
twcny,edgecast,219000,7.732432
twcny,edgecast,220000,69.665001
twcny,edgecast,221000,58.607567
twcny,edgecast,223000,439.513783
twcny,edgecast,224000,13.584999
twcny,edgecast,225000,47.755557
twcny,edgecast,226000,55.602448
twcny,edgecast,227000,34.664938
twcny,edgecast,228000,50.522355
twcny,edgecast,229000,57.995003
twcny,edgecast,230000,3.239990
twcny,edgecast,231000,45.962778
twcny,edgecast,232000,37.356644
twcny,edgecast,233000,56.820007
twcny,edgecast,234000,13.705002
twcny,edgecast,235000,34.216917
twcny,edgecast,236000,33.429746
twcny,edgecast,237000,15.334991
twcny,edgecast,238000,17.181144
twcny,edgecast,239000,50.636180
twcny,edgecast,240000,84.212555
twcny,edgecast,241000,19.389999
twcny,edgecast,242000,95.194147
twcny,edgecast,243000,37.599064
twcny,edgecast,244000,60.370807
twcny,edgecast,246000,62.171505
twcny,edgecast,247000,141.330974
twcny,edgecast,248000,16.128534
twcny,edgecast,249000,34.220857
twcny,edgecast,250000,35.365214
twcny,edgecast,251000,38.709991
twcny,edgecast,252000,7.764999
twcny,edgecast,253000,51.720787
twcny,edgecast,254000,36.949828
twcny,edgecast,255000,29.200475
twcny,edgecast,256000,37.393619
twcny,edgecast,257000,15.892805
twcny,edgecast,258000,15.845001
twcny,edgecast,259000,164.391714
twcny,edgecast,260000,40.684998
twcny,edgecast,262000,119.214996
twcny,edgecast,263000,61.755205
twcny,edgecast,264000,36.974991
twcny,edgecast,265000,76.735001
twcny,edgecast,267000,29.139999
twcny,edgecast,268000,10.923818
twcny,edgecast,269000,23.919998
twcny,edgecast,272000,48.059998
twcny,edgecast,273000,65.722218
twcny,edgecast,274000,78.365005
twcny,edgecast,276000,46.285004
twcny,edgecast,278000,77.425651
twcny,edgecast,279000,57.350006
twcny,edgecast,281000,43.725006
twcny,edgecast,282000,59.455453
twcny,edgecast,283000,1.404999
twcny,edgecast,286000,91.474991
twcny,edgecast,288000,8.224891
twcny,edgecast,289000,25.880005
twcny,edgecast,290000,90.588252
twcny,edgecast,293000,27.490005
twcny,edgecast,296000,6.044998
twcny,edgecast,298000,58.612534
twcny,edgecast,301000,9.307440
twcny,edgecast,302000,37.694764
twcny,edgecast,304000,68.214791
twcny,edgecast,307000,57.213747
twcny,edgecast,308000,7.235001
twcny,edgecast,309000,48.295013
twcny,edgecast,314000,11.430008
twcny,edgecast,315000,75.178615
twcny,edgecast,316000,49.824997
twcny,edgecast,326000,60.069992
twcny,edgecast,327000,57.932760
twcny,edgecast,328000,75.675003
twcny,edgecast,329000,8.489990
twcny,edgecast,330000,64.382151
twcny,edgecast,331000,5.050003
twcny,edgecast,334000,58.045864
twcny,edgecast,337000,1.035004
twcny,edgecast,339000,52.074997
twcny,edgecast,340000,13.805008
twcny,edgecast,346000,16.949062
twcny,edgecast,347000,47.720894
twcny,edgecast,348000,30.705002
twcny,edgecast,351000,91.888407
twcny,edgecast,353000,87.460528
twcny,edgecast,354000,17.425003
twcny,edgecast,356000,9.885010
twcny,edgecast,357000,0.514999
twcny,edgecast,359000,74.808127
twcny,edgecast,361000,5.635010
twcny,edgecast,365000,9.112496
twcny,edgecast,366000,17.399994
twcny,edgecast,369000,12.864990
twcny,edgecast,370000,44.203035
twcny,edgecast,371000,56.451480
twcny,edgecast,372000,61.324964
twcny,edgecast,374000,36.779999
twcny,edgecast,375000,10.059998
twcny,edgecast,379000,8.654999
twcny,edgecast,380000,37.690002
twcny,edgecast,383000,11.215083
twcny,edgecast,385000,13.836627
twcny,edgecast,386000,10.175003
twcny,edgecast,387000,44.813825
twcny,edgecast,390000,83.895004
twcny,edgecast,395000,43.414993
twcny,edgecast,399000,97.381458
twcny,edgecast,400000,12.959991
twcny,edgecast,402000,51.149994
twcny,edgecast,405000,81.792553
twcny,edgecast,408000,87.349928
twcny,edgecast,410000,78.915009
twcny,edgecast,411000,10.151282
twcny,edgecast,412000,53.709991
twcny,edgecast,414000,42.710007
twcny,edgecast,415000,39.024046
twcny,edgecast,416000,203.215012
twcny,edgecast,421000,25.959991
twcny,edgecast,422000,56.865453
twcny,edgecast,423000,43.315743
twcny,edgecast,428000,62.574997
twcny,edgecast,429000,65.564987
twcny,edgecast,432000,141.610001
twcny,edgecast,435000,11.910004
twcny,edgecast,437000,48.567842
twcny,edgecast,441000,56.860001
twcny,edgecast,443000,106.242059
twcny,edgecast,449000,52.542912
twcny,edgecast,451000,29.020004
twcny,edgecast,453000,18.634995
twcny,edgecast,462000,0.605011
twcny,edgecast,463000,18.724991
twcny,edgecast,468000,23.232794
twcny,edgecast,471000,66.441113
twcny,edgecast,472000,4.290009
twcny,edgecast,480000,14.498409
twcny,edgecast,481000,8.241625
twcny,edgecast,483000,50.384430
twcny,edgecast,484000,484.315002
twcny,edgecast,492000,35.784988
twcny,edgecast,495000,151.499518
twcny,edgecast,503000,46.400009
twcny,edgecast,507000,50.794183
twcny,edgecast,508000,17.429779
twcny,edgecast,510000,66.079987
twcny,edgecast,511000,6.150009
twcny,edgecast,514000,58.405769
twcny,edgecast,518000,28.224991
twcny,edgecast,521000,78.550003
twcny,edgecast,522000,41.714996
twcny,edgecast,523000,49.906390
twcny,edgecast,530000,11.715012
twcny,edgecast,532000,24.809998
twcny,edgecast,534000,4.289993
twcny,edgecast,538000,72.174277
twcny,edgecast,545000,5.686944
twcny,edgecast,546000,39.257985
twcny,edgecast,547000,3.209991
twcny,edgecast,551000,54.847666
twcny,edgecast,552000,48.669998
twcny,edgecast,553000,55.327322
twcny,edgecast,556000,55.535246
twcny,edgecast,564000,2.080017
twcny,edgecast,570000,57.016383
twcny,edgecast,572000,84.395004
twcny,edgecast,575000,5.860001
twcny,edgecast,577000,66.812040
twcny,edgecast,578000,14.995010
twcny,edgecast,579000,1884.927498
twcny,edgecast,588000,65.283914
twcny,edgecast,593000,1.700012
twcny,edgecast,595000,86.249985
twcny,edgecast,597000,76.575012
twcny,edgecast,599000,113.797461
twcny,edgecast,600000,275.853795
twcny,edgecast,606000,4.525009
twcny,edgecast,610000,72.254990
twcny,edgecast,615000,10.770004
twcny,edgecast,616000,38.920013
twcny,edgecast,618000,64.264999
twcny,edgecast,619000,46.281255
twcny,edgecast,620000,65.884995
twcny,edgecast,621000,46.389741
twcny,edgecast,622000,99.187904
twcny,edgecast,623000,650.290009
twcny,edgecast,624000,2.850006
twcny,edgecast,625000,39.434998
twcny,edgecast,627000,18.266965
twcny,edgecast,630000,260.020677
twcny,edgecast,631000,56.664993
twcny,edgecast,632000,68.470331
twcny,edgecast,638000,51.182454
twcny,edgecast,639000,40.734985
twcny,edgecast,641000,1.949982
twcny,edgecast,643000,49.124985
twcny,edgecast,644000,165.195007
twcny,edgecast,645000,77.629990
twcny,edgecast,650000,28.337110
twcny,edgecast,652000,50.237113
twcny,edgecast,653000,57.650009
twcny,edgecast,654000,13.686837
twcny,edgecast,655000,45.009442
twcny,edgecast,659000,48.918960
twcny,edgecast,669000,31.650009
twcny,edgecast,670000,819.992505
twcny,edgecast,682000,3.889999
twcny,edgecast,684000,71.607439
twcny,edgecast,685000,65.842523
twcny,edgecast,688000,62.314774
twcny,edgecast,689000,98.879990
twcny,edgecast,691000,40.379974
twcny,edgecast,693000,38.658082
twcny,edgecast,698000,30.991821
twcny,edgecast,706000,9.740021
twcny,edgecast,708000,108.105322
twcny,edgecast,711000,70.284988
twcny,edgecast,713000,36.335022
twcny,edgecast,716000,5.860016
twcny,edgecast,717000,34.065002
twcny,edgecast,719000,295.510213
twcny,edgecast,727000,12.290009
twcny,edgecast,729000,91.080002
twcny,edgecast,731000,17.884995
twcny,edgecast,732000,18.575012
twcny,edgecast,735000,55.584502
twcny,edgecast,743000,62.278204
twcny,edgecast,745000,12.239990
twcny,edgecast,746000,23.429993
twcny,edgecast,748000,44.034988
twcny,edgecast,752000,35.195820
twcny,edgecast,758000,72.949245
twcny,edgecast,766000,57.109985
twcny,edgecast,774000,245.109985
twcny,edgecast,775000,79.949982
twcny,edgecast,779000,23.454987
twcny,edgecast,781000,24.365005
twcny,edgecast,785000,110.005005
twcny,edgecast,787000,50.979253
twcny,edgecast,791000,18.035004
twcny,edgecast,799000,15.415009
twcny,edgecast,800000,44.399994
twcny,edgecast,801000,65.675003
twcny,edgecast,807000,30.495026
twcny,edgecast,812000,71.199692
twcny,edgecast,817000,10.075012
twcny,edgecast,818000,12.160004
twcny,edgecast,822000,35.135010
twcny,edgecast,824000,12.409973
twcny,edgecast,826000,49.105011
twcny,edgecast,833000,3.490021
twcny,edgecast,846000,19.139999
twcny,edgecast,849000,52.875000
twcny,edgecast,861000,60.515231
twcny,edgecast,869000,61.485016
twcny,edgecast,877000,61.269989
twcny,edgecast,882000,41.994995
twcny,edgecast,912000,87.494995
twcny,edgecast,913000,282.750000
twcny,edgecast,924000,1.670013
twcny,edgecast,926000,94.800589
twcny,edgecast,936000,12.869995
twcny,edgecast,946000,54.144989
twcny,edgecast,955000,58.184251
twcny,edgecast,959000,1753.494965
twcny,edgecast,965000,42.619995
twcny,edgecast,969000,74.829987
twcny,edgecast,976000,95.489990
twcny,edgecast,982000,36.444977
twcny,edgecast,998000,16.029999
twcny,edgecast,1012000,18.260010
twcny,edgecast,1015000,14.535004
twcny,edgecast,1016000,24.348341
twcny,edgecast,1033000,40.105011
twcny,edgecast,1040000,147.589473
twcny,edgecast,1048000,63.154801
twcny,edgecast,1065000,45.625000
twcny,edgecast,1069000,9.864990
twcny,edgecast,1072000,26.154999
twcny,edgecast,1082000,73.470001
twcny,edgecast,1084000,5.865021
twcny,edgecast,1098000,119.754974
twcny,edgecast,1106000,21.534973
twcny,edgecast,1113000,70.154999
twcny,edgecast,1149000,71.125000
twcny,edgecast,1155000,82.690002
twcny,edgecast,1220000,21.839996
twcny,edgecast,1254000,8.500000
us-east-1,akamai,0,10.151137
us-east-1,akamai,1000,78.601046
us-east-1,akamai,2000,53.120096
us-east-1,akamai,3000,46.540185
us-east-1,akamai,4000,32.871181
us-east-1,akamai,5000,47.268447
us-east-1,akamai,6000,47.191580
us-east-1,akamai,7000,41.716302
us-east-1,akamai,8000,36.544464
us-east-1,akamai,9000,45.009556
us-east-1,akamai,10000,38.751500
us-east-1,akamai,11000,40.471254
us-east-1,akamai,12000,34.688452
us-east-1,akamai,13000,28.277582
us-east-1,akamai,14000,30.738489
us-east-1,akamai,15000,67.113925
us-east-1,akamai,16000,28.820990
us-east-1,akamai,17000,18.855560
us-east-1,akamai,18000,23.299153
us-east-1,akamai,19000,12.540838
us-east-1,akamai,20000,26.572831
us-east-1,akamai,21000,9.593220
us-east-1,akamai,22000,47.231367
us-east-1,akamai,23000,37.669411
us-east-1,akamai,24000,37.624425
us-east-1,akamai,25000,13.478232
us-east-1,akamai,26000,32.416230
us-east-1,akamai,27000,45.371877
us-east-1,akamai,28000,43.410659
us-east-1,akamai,29000,37.698377
us-east-1,akamai,30000,22.534088
us-east-1,akamai,31000,27.488185
us-east-1,akamai,32000,294.907014
us-east-1,akamai,33000,34.460873
us-east-1,akamai,34000,6.731789
us-east-1,akamai,35000,32.155066
us-east-1,akamai,36000,40.732640
us-east-1,akamai,37000,25.222488
us-east-1,akamai,38000,22.296183
us-east-1,akamai,39000,142.531173
us-east-1,akamai,40000,11.480045
us-east-1,akamai,41000,25.495756
us-east-1,akamai,42000,35.157849
us-east-1,akamai,43000,101.465079
us-east-1,akamai,44000,37.122135
us-east-1,akamai,45000,5.339472
us-east-1,akamai,46000,5.334676
us-east-1,akamai,47000,62.984361
us-east-1,akamai,48000,11.117161
us-east-1,akamai,49000,52.715459
us-east-1,akamai,50000,34.120129
us-east-1,akamai,51000,5.400612
us-east-1,akamai,52000,8.209823
us-east-1,akamai,53000,25.982310
us-east-1,akamai,54000,6.519338
us-east-1,akamai,55000,20.255400
us-east-1,akamai,56000,122.565875
us-east-1,akamai,57000,94.762231
us-east-1,akamai,58000,25.034470
us-east-1,akamai,59000,43.722066
us-east-1,akamai,60000,8.847473
us-east-1,akamai,61000,7.192252
us-east-1,akamai,62000,60.117513
us-east-1,akamai,63000,55.920617
us-east-1,akamai,64000,26.028011
us-east-1,akamai,65000,64.038489
us-east-1,akamai,66000,76.719699
us-east-1,akamai,67000,11.845033
us-east-1,akamai,68000,16.093342
us-east-1,akamai,69000,41.872473
us-east-1,akamai,70000,6.484218
us-east-1,akamai,71000,1.276390
us-east-1,akamai,72000,86.121380
us-east-1,akamai,73000,3.118793
us-east-1,akamai,74000,7.941373
us-east-1,akamai,75000,5.677504
us-east-1,akamai,76000,8.737149
us-east-1,akamai,77000,11.422342
us-east-1,akamai,78000,39.427303
us-east-1,akamai,79000,7.863541
us-east-1,akamai,80000,141.248701
us-east-1,akamai,81000,13.185002
us-east-1,akamai,82000,94.995874
us-east-1,akamai,83000,42.665711
us-east-1,akamai,84000,23.600192
us-east-1,akamai,85000,6.461121
us-east-1,akamai,86000,43.089170
us-east-1,akamai,87000,276.010816
us-east-1,akamai,88000,7.822185
us-east-1,akamai,89000,109.134069
us-east-1,akamai,90000,8.324951
us-east-1,akamai,91000,23.239298
us-east-1,akamai,92000,54.987546
us-east-1,akamai,93000,39.078855
us-east-1,akamai,94000,23.394132
us-east-1,akamai,95000,219.968093
us-east-1,akamai,96000,49.976760
us-east-1,akamai,97000,45.615278
us-east-1,akamai,98000,6.373124
us-east-1,akamai,99000,57.800893
us-east-1,akamai,100000,4.980665
us-east-1,akamai,101000,3.445311
us-east-1,akamai,102000,89.779223
us-east-1,akamai,103000,70.974264
us-east-1,akamai,104000,2.326816
us-east-1,akamai,105000,15.350450
us-east-1,akamai,106000,15.738778
us-east-1,akamai,107000,1.658801
us-east-1,akamai,109000,12.012220
us-east-1,akamai,110000,3.779628
us-east-1,akamai,111000,7.474289
us-east-1,akamai,112000,3.909979
us-east-1,akamai,113000,2.846615
us-east-1,akamai,114000,8.418721
us-east-1,akamai,115000,22.153087
us-east-1,akamai,116000,2.972728
us-east-1,akamai,117000,9.432301
us-east-1,akamai,118000,32.654159
us-east-1,akamai,119000,1.801555
us-east-1,akamai,120000,21.158128
us-east-1,akamai,121000,8.533939
us-east-1,akamai,122000,4.106664
us-east-1,akamai,123000,7.812744
us-east-1,akamai,124000,79.300979
us-east-1,akamai,125000,1.540001
us-east-1,akamai,126000,52.528666
us-east-1,akamai,127000,13.621261
us-east-1,akamai,128000,69.874483
us-east-1,akamai,129000,6.747723
us-east-1,akamai,130000,7.327927
us-east-1,akamai,131000,23.251938
us-east-1,akamai,132000,20.490057
us-east-1,akamai,133000,71.879765
us-east-1,akamai,134000,2.224953
us-east-1,akamai,135000,2.469824
us-east-1,akamai,136000,2.887679
us-east-1,akamai,137000,24.544249
us-east-1,akamai,138000,1.979914
us-east-1,akamai,139000,2.437353
us-east-1,akamai,140000,6.485485
us-east-1,akamai,141000,145.377356
us-east-1,akamai,142000,70.151548
us-east-1,akamai,143000,142.863385
us-east-1,akamai,144000,4.400280
us-east-1,akamai,145000,71.938850
us-east-1,akamai,146000,4.384207
us-east-1,akamai,147000,89.489365
us-east-1,akamai,148000,5.748464
us-east-1,akamai,149000,58.328295
us-east-1,akamai,150000,32.758030
us-east-1,akamai,151000,7.344531
us-east-1,akamai,152000,27.721743
us-east-1,akamai,153000,37.273219
us-east-1,akamai,154000,10.911788
us-east-1,akamai,155000,3.301991
us-east-1,akamai,156000,5.442062
us-east-1,akamai,157000,2.211217
us-east-1,akamai,158000,10.673636
us-east-1,akamai,159000,6.049947
us-east-1,akamai,160000,6.982608
us-east-1,akamai,161000,9.157083
us-east-1,akamai,162000,5.023923
us-east-1,akamai,163000,2.420327
us-east-1,akamai,164000,8.740410
us-east-1,akamai,166000,3.664972
us-east-1,akamai,167000,5.820000
us-east-1,akamai,168000,16.175409
us-east-1,akamai,169000,37.856364
us-east-1,akamai,170000,8.275838
us-east-1,akamai,171000,6.153525
us-east-1,akamai,172000,5.187373
us-east-1,akamai,173000,1.621333
us-east-1,akamai,175000,2.715672
us-east-1,akamai,176000,6.308656
us-east-1,akamai,179000,3.510000
us-east-1,akamai,180000,13.640281
us-east-1,akamai,181000,8.447039
us-east-1,akamai,182000,21.149998
us-east-1,akamai,183000,5.576376
us-east-1,akamai,184000,99.242502
us-east-1,akamai,185000,11.797197
us-east-1,akamai,186000,10.067611
us-east-1,akamai,187000,2.229778
us-east-1,akamai,188000,3.335826
us-east-1,akamai,189000,1.787740
us-east-1,akamai,190000,7.887950
us-east-1,akamai,191000,0.619999
us-east-1,akamai,192000,15.795745
us-east-1,akamai,193000,1.646554
us-east-1,akamai,195000,1.502982
us-east-1,akamai,196000,6.128057
us-east-1,akamai,197000,20.979532
us-east-1,akamai,198000,2.050321
us-east-1,akamai,199000,1.746430
us-east-1,akamai,200000,12.147128
us-east-1,akamai,201000,7.928483
us-east-1,akamai,202000,2.553857
us-east-1,akamai,203000,4.751629
us-east-1,akamai,204000,53.258321
us-east-1,akamai,205000,106.240005
us-east-1,akamai,206000,14.884507
us-east-1,akamai,207000,12.588894
us-east-1,akamai,208000,120.526930
us-east-1,akamai,209000,6.277074
us-east-1,akamai,210000,133.296161
us-east-1,akamai,212000,70.432936
us-east-1,akamai,213000,5.315642
us-east-1,akamai,215000,4.165437
us-east-1,akamai,216000,7.991351
us-east-1,akamai,217000,100.795614
us-east-1,akamai,218000,9.999635
us-east-1,akamai,219000,1.986829
us-east-1,akamai,220000,6.904999
us-east-1,akamai,221000,73.824106
us-east-1,akamai,223000,13.483177
us-east-1,akamai,224000,4.345001
us-east-1,akamai,225000,7.542864
us-east-1,akamai,226000,5.098016
us-east-1,akamai,227000,4.048347
us-east-1,akamai,228000,2.826694
us-east-1,akamai,229000,2.205002
us-east-1,akamai,230000,13.904999
us-east-1,akamai,231000,5.582458
us-east-1,akamai,232000,6.101937
us-east-1,akamai,233000,6.250000
us-east-1,akamai,234000,3.039997
us-east-1,akamai,235000,0.954218
us-east-1,akamai,236000,34.249913
us-east-1,akamai,237000,34.735004
us-east-1,akamai,238000,0.134410
us-east-1,akamai,239000,1.203437
us-east-1,akamai,240000,6.298218
us-east-1,akamai,241000,5.900002
us-east-1,akamai,242000,0.098434
us-east-1,akamai,243000,8.921065
us-east-1,akamai,244000,7.946149
us-east-1,akamai,246000,30.997472
us-east-1,akamai,247000,7.943288
us-east-1,akamai,248000,5.822158
us-east-1,akamai,249000,9.708568
us-east-1,akamai,250000,8.283410
us-east-1,akamai,251000,5.760002
us-east-1,akamai,252000,14.144997
us-east-1,akamai,253000,12.470767
us-east-1,akamai,254000,9.717949
us-east-1,akamai,255000,7.499737
us-east-1,akamai,256000,3.365854
us-east-1,akamai,257000,88.987963
us-east-1,akamai,258000,6.974998
us-east-1,akamai,259000,11.826218
us-east-1,akamai,260000,5.919998
us-east-1,akamai,262000,1.045002
us-east-1,akamai,263000,15.184881
us-east-1,akamai,264000,1.870003
us-east-1,akamai,265000,11.185001
us-east-1,akamai,267000,3.750000
us-east-1,akamai,268000,2.019322
us-east-1,akamai,269000,2.250000
us-east-1,akamai,272000,6.355000
us-east-1,akamai,273000,19.055598
us-east-1,akamai,274000,3.995003
us-east-1,akamai,276000,0.475002
us-east-1,akamai,278000,14.039962
us-east-1,akamai,279000,0.625000
us-east-1,akamai,281000,0.180000
us-east-1,akamai,282000,9.439620
us-east-1,akamai,283000,3.160000
us-east-1,akamai,286000,3.215000
us-east-1,akamai,288000,99.344441
us-east-1,akamai,289000,5.264999
us-east-1,akamai,290000,7.813930
us-east-1,akamai,293000,18.215000
us-east-1,akamai,296000,0.774998
us-east-1,akamai,298000,5.186616
us-east-1,akamai,301000,3.294116
us-east-1,akamai,302000,4.330558
us-east-1,akamai,304000,45.432585
us-east-1,akamai,307000,6.616882
us-east-1,akamai,308000,0.845001
us-east-1,akamai,309000,2.555000
us-east-1,akamai,314000,5.954998
us-east-1,akamai,315000,8.929629
us-east-1,akamai,316000,1.385002
us-east-1,akamai,326000,7.939999
us-east-1,akamai,327000,69.427907
us-east-1,akamai,328000,2.084999
us-east-1,akamai,329000,25.070004
us-east-1,akamai,330000,29.017010
us-east-1,akamai,331000,6.730000
us-east-1,akamai,334000,11.212748
us-east-1,akamai,337000,1.949997
us-east-1,akamai,339000,2.264999
us-east-1,akamai,340000,3.364998
us-east-1,akamai,346000,27.724160
us-east-1,akamai,347000,5.218766
us-east-1,akamai,348000,0.310001
us-east-1,akamai,351000,24.446641
us-east-1,akamai,353000,5.318071
us-east-1,akamai,354000,80.475006
us-east-1,akamai,356000,44.785000
us-east-1,akamai,357000,2.270000
us-east-1,akamai,359000,18.610652
us-east-1,akamai,361000,5.705002
us-east-1,akamai,365000,9.099280
us-east-1,akamai,366000,1.654999
us-east-1,akamai,369000,5.195000
us-east-1,akamai,370000,11.528861
us-east-1,akamai,371000,2.567892
us-east-1,akamai,372000,41.765717
us-east-1,akamai,374000,1.485001
us-east-1,akamai,375000,1.225002
us-east-1,akamai,379000,0.719997
us-east-1,akamai,380000,1.234997
us-east-1,akamai,383000,3.352044
us-east-1,akamai,385000,38.154216
us-east-1,akamai,386000,1.894997
us-east-1,akamai,387000,3.169930
us-east-1,akamai,390000,7.809998
us-east-1,akamai,395000,3.799995
us-east-1,akamai,399000,51.087767
us-east-1,akamai,400000,4.189995
us-east-1,akamai,402000,4.439999
us-east-1,akamai,405000,6.339453
us-east-1,akamai,408000,6.696660
us-east-1,akamai,410000,4.750000
us-east-1,akamai,411000,13.774152
us-east-1,akamai,412000,124.445000
us-east-1,akamai,414000,11.604996
us-east-1,akamai,415000,2.923939
us-east-1,akamai,416000,1.059998
us-east-1,akamai,421000,2.125000
us-east-1,akamai,422000,3.593227
us-east-1,akamai,423000,8.205344
us-east-1,akamai,428000,6.970001
us-east-1,akamai,429000,185.735001
us-east-1,akamai,432000,0.434998
us-east-1,akamai,435000,0.894997
us-east-1,akamai,437000,10.983686
us-east-1,akamai,441000,7.860001
us-east-1,akamai,443000,5.372236
us-east-1,akamai,449000,10.892739
us-east-1,akamai,451000,23.824997
us-east-1,akamai,453000,7.834999
us-east-1,akamai,462000,2.514999
us-east-1,akamai,463000,4.274994
us-east-1,akamai,468000,10.022876
us-east-1,akamai,471000,1.564072
us-east-1,akamai,472000,1.180000
us-east-1,akamai,480000,8.816779
us-east-1,akamai,481000,7.028995
us-east-1,akamai,483000,10.128724
us-east-1,akamai,484000,1.184998
us-east-1,akamai,492000,1.974998
us-east-1,akamai,495000,8.397587
us-east-1,akamai,503000,1.355003
us-east-1,akamai,507000,1.245714
us-east-1,akamai,508000,7.676576
us-east-1,akamai,510000,6.809998
us-east-1,akamai,511000,6.979996
us-east-1,akamai,514000,5.023416
us-east-1,akamai,518000,3.825005
us-east-1,akamai,521000,6.199997
us-east-1,akamai,522000,9.254997
us-east-1,akamai,523000,6.409979
us-east-1,akamai,530000,12.449997
us-east-1,akamai,532000,52.234993
us-east-1,akamai,534000,8.214996
us-east-1,akamai,538000,61.334986
us-east-1,akamai,545000,50.247423
us-east-1,akamai,546000,7.363257
us-east-1,akamai,547000,1.575005
us-east-1,akamai,551000,5.064913
us-east-1,akamai,552000,7.264999
us-east-1,akamai,553000,2.221130
us-east-1,akamai,556000,33.991428
us-east-1,akamai,564000,5.094994
us-east-1,akamai,570000,8.780132
us-east-1,akamai,572000,25.989998
us-east-1,akamai,575000,3.250000
us-east-1,akamai,577000,6.528350
us-east-1,akamai,578000,14.665001
us-east-1,akamai,579000,3.564105
us-east-1,akamai,588000,11.275048
us-east-1,akamai,593000,0.634995
us-east-1,akamai,595000,3.209999
us-east-1,akamai,597000,9.555000
us-east-1,akamai,599000,2.160030
us-east-1,akamai,600000,5.410849
us-east-1,akamai,606000,2.239998
us-east-1,akamai,610000,5.195000
us-east-1,akamai,615000,7.075005
us-east-1,akamai,616000,2.059998
us-east-1,akamai,618000,5.110001
us-east-1,akamai,619000,5.784142
us-east-1,akamai,620000,0.055000
us-east-1,akamai,621000,23.911737
us-east-1,akamai,622000,8.593739
us-east-1,akamai,623000,0.510002
us-east-1,akamai,624000,1.805000
us-east-1,akamai,625000,28.779999
us-east-1,akamai,627000,9.505122
us-east-1,akamai,630000,7.012365
us-east-1,akamai,631000,1.110001
us-east-1,akamai,632000,6.401968
us-east-1,akamai,638000,4.903643
us-east-1,akamai,639000,0.615005
us-east-1,akamai,641000,0.135002
us-east-1,akamai,643000,78.589996
us-east-1,akamai,644000,284.474991
us-east-1,akamai,645000,4.900002
us-east-1,akamai,650000,8.073356
us-east-1,akamai,652000,4.285568
us-east-1,akamai,653000,8.519997
us-east-1,akamai,654000,1.294167
us-east-1,akamai,655000,9.352845
us-east-1,akamai,659000,10.978672
us-east-1,akamai,669000,5.464996
us-east-1,akamai,670000,6.115987
us-east-1,akamai,682000,21.654999
us-east-1,akamai,684000,45.423994
us-east-1,akamai,685000,215.409764
us-east-1,akamai,688000,68.351970
us-east-1,akamai,689000,134.760010
us-east-1,akamai,691000,3.080002
us-east-1,akamai,693000,5.236665
us-east-1,akamai,698000,63.975027
us-east-1,akamai,706000,0.634995
us-east-1,akamai,708000,10.105601
us-east-1,akamai,711000,2.349998
us-east-1,akamai,713000,0.104996
us-east-1,akamai,716000,1.790001
us-east-1,akamai,717000,242.025009
us-east-1,akamai,719000,16.869611
us-east-1,akamai,727000,2.070000
us-east-1,akamai,729000,6.565002
us-east-1,akamai,731000,159.239990
us-east-1,akamai,732000,3.279999
us-east-1,akamai,735000,18.943444
us-east-1,akamai,743000,71.329869
us-east-1,akamai,745000,0.934998
us-east-1,akamai,746000,6.809998
us-east-1,akamai,748000,2.680000
us-east-1,akamai,752000,7.636671
us-east-1,akamai,758000,241.773922
us-east-1,akamai,766000,12.990005
us-east-1,akamai,774000,0.815002
us-east-1,akamai,775000,3.875000
us-east-1,akamai,779000,0.885002
us-east-1,akamai,781000,17.750008
us-east-1,akamai,785000,0.910004
us-east-1,akamai,787000,33.467744
us-east-1,akamai,791000,0.314995
us-east-1,akamai,799000,5.424995
us-east-1,akamai,800000,1.940002
us-east-1,akamai,801000,15.199997
us-east-1,akamai,807000,175.519997
us-east-1,akamai,812000,19.306355
us-east-1,akamai,817000,3.559998
us-east-1,akamai,818000,2.739998
us-east-1,akamai,822000,1.639999
us-east-1,akamai,824000,8.695000
us-east-1,akamai,826000,2.369995
us-east-1,akamai,833000,5.625000
us-east-1,akamai,846000,30.619995
us-east-1,akamai,849000,6.855003
us-east-1,akamai,861000,1.488779
us-east-1,akamai,869000,1.834999
us-east-1,akamai,877000,6.454994
us-east-1,akamai,882000,0.570007
us-east-1,akamai,912000,0.700005
us-east-1,akamai,913000,0.164993
us-east-1,akamai,924000,0.694992
us-east-1,akamai,926000,2.398255
us-east-1,akamai,936000,5.245010
us-east-1,akamai,946000,0.084991
us-east-1,akamai,955000,0.786936
us-east-1,akamai,959000,9.495010
us-east-1,akamai,965000,30.470001
us-east-1,akamai,969000,2.865005
us-east-1,akamai,976000,3.870010
us-east-1,akamai,982000,0.610001
us-east-1,akamai,998000,5.500000
us-east-1,akamai,1012000,642.470016
us-east-1,akamai,1015000,375.604996
us-east-1,akamai,1016000,71.715754
us-east-1,akamai,1033000,35.974991
us-east-1,akamai,1040000,4.440945
us-east-1,akamai,1048000,1.829766
us-east-1,akamai,1065000,8.699997
us-east-1,akamai,1069000,18.745010
us-east-1,akamai,1072000,10.899994
us-east-1,akamai,1082000,96.829987
us-east-1,akamai,1084000,8.580002
us-east-1,akamai,1098000,2.389999
us-east-1,akamai,1106000,3.294998
us-east-1,akamai,1113000,150.139999
us-east-1,akamai,1149000,13.065002
us-east-1,akamai,1155000,4.270004
us-east-1,akamai,1220000,10.985001
us-east-1,akamai,1254000,10.190002
us-east-1,edgecast,0,0.995758
us-east-1,edgecast,1000,34.142072
us-east-1,edgecast,2000,38.004235
us-east-1,edgecast,3000,191.208952
us-east-1,edgecast,4000,55.879877
us-east-1,edgecast,5000,76.373217
us-east-1,edgecast,6000,59.996219
us-east-1,edgecast,7000,67.819559
us-east-1,edgecast,8000,68.767711
us-east-1,edgecast,9000,78.541559
us-east-1,edgecast,10000,78.589468
us-east-1,edgecast,11000,24.008744
us-east-1,edgecast,12000,33.983346
us-east-1,edgecast,13000,40.285067
us-east-1,edgecast,14000,34.659040
us-east-1,edgecast,15000,13.780775
us-east-1,edgecast,16000,263.578061
us-east-1,edgecast,17000,48.752772
us-east-1,edgecast,18000,17.272763
us-east-1,edgecast,19000,55.053312
us-east-1,edgecast,20000,35.621770
us-east-1,edgecast,21000,278.065933
us-east-1,edgecast,22000,30.396663
us-east-1,edgecast,23000,34.988451
us-east-1,edgecast,24000,27.489008
us-east-1,edgecast,25000,45.102531
us-east-1,edgecast,26000,73.003982
us-east-1,edgecast,27000,115.597246
us-east-1,edgecast,28000,67.968612
us-east-1,edgecast,29000,46.326681
us-east-1,edgecast,30000,70.937663
us-east-1,edgecast,31000,44.796702
us-east-1,edgecast,32000,9.688310
us-east-1,edgecast,33000,58.419688
us-east-1,edgecast,34000,14.099866
us-east-1,edgecast,35000,68.534708
us-east-1,edgecast,36000,21.485712
us-east-1,edgecast,37000,69.875277
us-east-1,edgecast,38000,56.433957
us-east-1,edgecast,39000,17.945251
us-east-1,edgecast,40000,17.075241
us-east-1,edgecast,41000,15.438634
us-east-1,edgecast,42000,47.709879
us-east-1,edgecast,43000,23.789608
us-east-1,edgecast,44000,17.465818
us-east-1,edgecast,45000,38.194473
us-east-1,edgecast,46000,23.369344
us-east-1,edgecast,47000,11.152962
us-east-1,edgecast,48000,20.493665
us-east-1,edgecast,49000,110.523830
us-east-1,edgecast,50000,18.814070
us-east-1,edgecast,51000,14.827773
us-east-1,edgecast,52000,23.818660
us-east-1,edgecast,53000,23.178217
us-east-1,edgecast,54000,208.714074
us-east-1,edgecast,55000,35.039466
us-east-1,edgecast,56000,25.276357
us-east-1,edgecast,57000,9.719095
us-east-1,edgecast,58000,68.666317
us-east-1,edgecast,59000,18.348166
us-east-1,edgecast,60000,16.984611
us-east-1,edgecast,61000,96.531332
us-east-1,edgecast,62000,6.263102
us-east-1,edgecast,63000,75.991338
us-east-1,edgecast,64000,25.338973
us-east-1,edgecast,65000,97.077972
us-east-1,edgecast,66000,4.585320
us-east-1,edgecast,67000,53.864792
us-east-1,edgecast,68000,8.754436
us-east-1,edgecast,69000,4.380561
us-east-1,edgecast,70000,29.916084
us-east-1,edgecast,71000,6.669269
us-east-1,edgecast,72000,18.279721
us-east-1,edgecast,73000,10.638732
us-east-1,edgecast,74000,3.486438
us-east-1,edgecast,75000,9.286667
us-east-1,edgecast,76000,9.428094
us-east-1,edgecast,77000,59.218066
us-east-1,edgecast,78000,5.299899
us-east-1,edgecast,79000,2.251729
us-east-1,edgecast,80000,20.883338
us-east-1,edgecast,81000,24.707470
us-east-1,edgecast,82000,56.722302
us-east-1,edgecast,83000,31.418667
us-east-1,edgecast,84000,28.549620
us-east-1,edgecast,85000,24.331596
us-east-1,edgecast,86000,11.204776
us-east-1,edgecast,87000,19.538789
us-east-1,edgecast,88000,19.532998
us-east-1,edgecast,89000,12.765785
us-east-1,edgecast,90000,4.647102
us-east-1,edgecast,91000,28.341793
us-east-1,edgecast,92000,4.645039
us-east-1,edgecast,93000,25.566261
us-east-1,edgecast,94000,22.439281
us-east-1,edgecast,95000,4.487823
us-east-1,edgecast,96000,9.087325
us-east-1,edgecast,97000,4.265975
us-east-1,edgecast,98000,7.950597
us-east-1,edgecast,99000,6.555157
us-east-1,edgecast,100000,40.266821
us-east-1,edgecast,101000,1.228808
us-east-1,edgecast,102000,5.151029
us-east-1,edgecast,103000,0.767792
us-east-1,edgecast,104000,26.371188
us-east-1,edgecast,105000,138.548719
us-east-1,edgecast,106000,20.932290
us-east-1,edgecast,107000,1.126618
us-east-1,edgecast,109000,7.677038
us-east-1,edgecast,110000,13.564985
us-east-1,edgecast,111000,8.375388
us-east-1,edgecast,112000,5.257333
us-east-1,edgecast,113000,5.874301
us-east-1,edgecast,114000,0.583800
us-east-1,edgecast,115000,5.388288
us-east-1,edgecast,116000,2.971829
us-east-1,edgecast,117000,1.225914
us-east-1,edgecast,118000,22.705178
us-east-1,edgecast,119000,1.049900
us-east-1,edgecast,120000,62.164541
us-east-1,edgecast,121000,47.834769
us-east-1,edgecast,122000,17.120040
us-east-1,edgecast,123000,7.247811
us-east-1,edgecast,124000,29.076692
us-east-1,edgecast,125000,7.410002
us-east-1,edgecast,126000,61.664936
us-east-1,edgecast,127000,6.355550
us-east-1,edgecast,128000,16.379633
us-east-1,edgecast,129000,1.084461
us-east-1,edgecast,130000,0.911386
us-east-1,edgecast,131000,8.825297
us-east-1,edgecast,132000,5.272223
us-east-1,edgecast,133000,1.353582
us-east-1,edgecast,134000,5.305393
us-east-1,edgecast,135000,16.553632
us-east-1,edgecast,136000,36.717013
us-east-1,edgecast,137000,20.510864
us-east-1,edgecast,138000,7.064293
us-east-1,edgecast,139000,23.061110
us-east-1,edgecast,140000,7.787297
us-east-1,edgecast,141000,10.859427
us-east-1,edgecast,142000,11.847603
us-east-1,edgecast,143000,123.286659
us-east-1,edgecast,144000,5.531109
us-east-1,edgecast,145000,2.566657
us-east-1,edgecast,146000,6.481425
us-east-1,edgecast,147000,2.291952
us-east-1,edgecast,148000,1.686106
us-east-1,edgecast,149000,30.210051
us-east-1,edgecast,150000,37.687570
us-east-1,edgecast,151000,18.721495
us-east-1,edgecast,152000,43.742468
us-east-1,edgecast,153000,1.828508
us-east-1,edgecast,154000,6.481285
us-east-1,edgecast,155000,4.032925
us-east-1,edgecast,156000,1.196281
us-east-1,edgecast,157000,5.050005
us-east-1,edgecast,158000,11.669832
us-east-1,edgecast,159000,17.007682
us-east-1,edgecast,160000,0.518738
us-east-1,edgecast,161000,4.962961
us-east-1,edgecast,162000,3.114361
us-east-1,edgecast,163000,5.998619
us-east-1,edgecast,164000,7.644037
us-east-1,edgecast,166000,1.614607
us-east-1,edgecast,167000,1.719999
us-east-1,edgecast,168000,41.114379
us-east-1,edgecast,169000,22.680604
us-east-1,edgecast,170000,1.140594
us-east-1,edgecast,171000,4.620931
us-east-1,edgecast,172000,55.588517
us-east-1,edgecast,173000,19.381106
us-east-1,edgecast,175000,6.816733
us-east-1,edgecast,176000,243.618611
us-east-1,edgecast,179000,1.170000
us-east-1,edgecast,180000,0.949668
us-east-1,edgecast,181000,130.263649
us-east-1,edgecast,182000,12.439999
us-east-1,edgecast,183000,96.993045
us-east-1,edgecast,184000,3.378361
us-east-1,edgecast,185000,0.335288
us-east-1,edgecast,186000,3.941356
us-east-1,edgecast,187000,2.378209
us-east-1,edgecast,188000,5.287708
us-east-1,edgecast,189000,0.385774
us-east-1,edgecast,190000,1.387330
us-east-1,edgecast,191000,6.170000
us-east-1,edgecast,192000,4.787799
us-east-1,edgecast,193000,23.139290
us-east-1,edgecast,195000,5.113780
us-east-1,edgecast,196000,16.509874
us-east-1,edgecast,197000,1.820811
us-east-1,edgecast,198000,131.212036
us-east-1,edgecast,199000,5.677724
us-east-1,edgecast,200000,5.428690
us-east-1,edgecast,201000,5.919368
us-east-1,edgecast,202000,6.335962
us-east-1,edgecast,203000,53.309200
us-east-1,edgecast,204000,0.797260
us-east-1,edgecast,205000,0.905001
us-east-1,edgecast,206000,2.968966
us-east-1,edgecast,207000,2.948774
us-east-1,edgecast,208000,5.988119
us-east-1,edgecast,209000,3.142964
us-east-1,edgecast,210000,1.432854
us-east-1,edgecast,212000,7.104618
us-east-1,edgecast,213000,7.456589
us-east-1,edgecast,215000,24.177147
us-east-1,edgecast,216000,3.667208
us-east-1,edgecast,217000,5.048714
us-east-1,edgecast,218000,278.441488
us-east-1,edgecast,219000,1.107982
us-east-1,edgecast,220000,0.850000
us-east-1,edgecast,221000,42.148467
us-east-1,edgecast,223000,7.651329
us-east-1,edgecast,224000,21.939999
us-east-1,edgecast,225000,4.733250
us-east-1,edgecast,226000,1.707688
us-east-1,edgecast,227000,0.589973
us-east-1,edgecast,228000,3.768005
us-east-1,edgecast,229000,5.490002
us-east-1,edgecast,230000,1.795000
us-east-1,edgecast,231000,5.151882
us-east-1,edgecast,232000,4.472227
us-east-1,edgecast,233000,2.189999
us-east-1,edgecast,234000,7.834999
us-east-1,edgecast,235000,86.219301
us-east-1,edgecast,236000,2.577757
us-east-1,edgecast,237000,7.389999
us-east-1,edgecast,238000,1.682107
us-east-1,edgecast,239000,3.977222
us-east-1,edgecast,240000,4.320111
us-east-1,edgecast,241000,10.209999
us-east-1,edgecast,242000,22.834061
us-east-1,edgecast,243000,2.588798
us-east-1,edgecast,244000,8.380475
us-east-1,edgecast,246000,3.721250
us-east-1,edgecast,247000,32.852724
us-east-1,edgecast,248000,4.027697
us-east-1,edgecast,249000,7.289189
us-east-1,edgecast,250000,45.856381
us-east-1,edgecast,251000,0.500000
us-east-1,edgecast,252000,3.880001
us-east-1,edgecast,253000,4.200989
us-east-1,edgecast,254000,223.851994
us-east-1,edgecast,255000,2.811481
us-east-1,edgecast,256000,6.861429
us-east-1,edgecast,257000,5.670822
us-east-1,edgecast,258000,0.885002
us-east-1,edgecast,259000,5.884405
us-east-1,edgecast,260000,7.635002
us-east-1,edgecast,262000,1.459999
us-east-1,edgecast,263000,4.765958
us-east-1,edgecast,264000,4.225002
us-east-1,edgecast,265000,8.465000
us-east-1,edgecast,267000,5.684998
us-east-1,edgecast,268000,16.173205
us-east-1,edgecast,269000,2.985001
us-east-1,edgecast,272000,1.195000
us-east-1,edgecast,273000,1.208387
us-east-1,edgecast,274000,1.255001
us-east-1,edgecast,276000,0.610001
us-east-1,edgecast,278000,5.305717
us-east-1,edgecast,279000,7.129997
us-east-1,edgecast,281000,0.625000
us-east-1,edgecast,282000,10.288936
us-east-1,edgecast,283000,2.689999
us-east-1,edgecast,286000,1.244999
us-east-1,edgecast,288000,1.424694
us-east-1,edgecast,289000,374.055008
us-east-1,edgecast,290000,8.031147
us-east-1,edgecast,293000,1.264999
us-east-1,edgecast,296000,8.759998
us-east-1,edgecast,298000,9.419385
us-east-1,edgecast,301000,5.170825
us-east-1,edgecast,302000,7.675633
us-east-1,edgecast,304000,3.001761
us-east-1,edgecast,307000,6.096994
us-east-1,edgecast,308000,45.779999
us-east-1,edgecast,309000,4.755001
us-east-1,edgecast,314000,1.745003
us-east-1,edgecast,315000,1.277926
us-east-1,edgecast,316000,1.525002
us-east-1,edgecast,326000,5.639999
us-east-1,edgecast,327000,5.470998
us-east-1,edgecast,328000,10.400002
us-east-1,edgecast,329000,3.735001
us-east-1,edgecast,330000,20.687339
us-east-1,edgecast,331000,79.364998
us-east-1,edgecast,334000,71.649127
us-east-1,edgecast,337000,5.735001
us-east-1,edgecast,339000,7.764999
us-east-1,edgecast,340000,1.669998
us-east-1,edgecast,346000,8.396064
us-east-1,edgecast,347000,12.632457
us-east-1,edgecast,348000,7.470001
us-east-1,edgecast,351000,5.811895
us-east-1,edgecast,353000,1.262706
us-east-1,edgecast,354000,2.835003
us-east-1,edgecast,356000,1.774998
us-east-1,edgecast,357000,6.510002
us-east-1,edgecast,359000,27.784615
us-east-1,edgecast,361000,7.160000
us-east-1,edgecast,365000,4.436823
us-east-1,edgecast,366000,4.180000
us-east-1,edgecast,369000,11.885002
us-east-1,edgecast,370000,9.001580
us-east-1,edgecast,371000,4.448673
us-east-1,edgecast,372000,49.783238
us-east-1,edgecast,374000,13.020000
us-east-1,edgecast,375000,7.215000
us-east-1,edgecast,379000,3.035000
us-east-1,edgecast,380000,36.750000
us-east-1,edgecast,383000,9.316509
us-east-1,edgecast,385000,3.278139
us-east-1,edgecast,386000,1.775002
us-east-1,edgecast,387000,9.213774
us-east-1,edgecast,390000,6.529999
us-east-1,edgecast,395000,1.619999
us-east-1,edgecast,399000,6.512290
us-east-1,edgecast,400000,10.009998
us-east-1,edgecast,402000,6.425003
us-east-1,edgecast,405000,9.073599
us-east-1,edgecast,408000,5.442312
us-east-1,edgecast,410000,6.414997
us-east-1,edgecast,411000,5.759388
us-east-1,edgecast,412000,17.169998
us-east-1,edgecast,414000,4.330002
us-east-1,edgecast,415000,6.773541
us-east-1,edgecast,416000,1.845001
us-east-1,edgecast,421000,5.619999
us-east-1,edgecast,422000,34.841863
us-east-1,edgecast,423000,9.426708
us-east-1,edgecast,428000,1.320000
us-east-1,edgecast,429000,1.345001
us-east-1,edgecast,432000,2.115002
us-east-1,edgecast,435000,10.075001
us-east-1,edgecast,437000,8.193653
us-east-1,edgecast,441000,5.989998
us-east-1,edgecast,443000,2.222448
us-east-1,edgecast,449000,2.468087
us-east-1,edgecast,451000,1.684998
us-east-1,edgecast,453000,5.820000
us-east-1,edgecast,462000,1.130001
us-east-1,edgecast,463000,6.705002
us-east-1,edgecast,468000,379.056377
us-east-1,edgecast,471000,6.676256
us-east-1,edgecast,472000,4.920002
us-east-1,edgecast,480000,1.942203
us-east-1,edgecast,481000,0.703199
us-east-1,edgecast,483000,5.064362
us-east-1,edgecast,484000,22.744999
us-east-1,edgecast,492000,1.789993
us-east-1,edgecast,495000,9.849755
us-east-1,edgecast,503000,6.194996
us-east-1,edgecast,507000,68.031662
us-east-1,edgecast,508000,9.507074
us-east-1,edgecast,510000,58.020000
us-east-1,edgecast,511000,2.945000
us-east-1,edgecast,514000,5.892507
us-east-1,edgecast,518000,0.740005
us-east-1,edgecast,521000,0.965004
us-east-1,edgecast,522000,7.660004
us-east-1,edgecast,523000,23.126858
us-east-1,edgecast,530000,7.044998
us-east-1,edgecast,532000,0.180000
us-east-1,edgecast,534000,7.135002
us-east-1,edgecast,538000,5.233744
us-east-1,edgecast,545000,5.475619
us-east-1,edgecast,546000,5.766132
us-east-1,edgecast,547000,40.385002
us-east-1,edgecast,551000,14.900874
us-east-1,edgecast,552000,57.799995
us-east-1,edgecast,553000,5.557924
us-east-1,edgecast,556000,15.173931
us-east-1,edgecast,564000,7.300003
us-east-1,edgecast,570000,3.665119
us-east-1,edgecast,572000,0.349998
us-east-1,edgecast,575000,2.604996
us-east-1,edgecast,577000,4.409455
us-east-1,edgecast,578000,3.599998
us-east-1,edgecast,579000,66.081250
us-east-1,edgecast,588000,15.039006
us-east-1,edgecast,593000,10.515007
us-east-1,edgecast,595000,21.635002
us-east-1,edgecast,597000,1.330002
us-east-1,edgecast,599000,7.291503
us-east-1,edgecast,600000,18.858977
us-east-1,edgecast,606000,3.505005
us-east-1,edgecast,610000,38.584999
us-east-1,edgecast,615000,6.080002
us-east-1,edgecast,616000,2.849998
us-east-1,edgecast,618000,5.205002
us-east-1,edgecast,619000,8.580070
us-east-1,edgecast,620000,3.894997
us-east-1,edgecast,621000,29.581712
us-east-1,edgecast,622000,5.381892
us-east-1,edgecast,623000,7.459999
us-east-1,edgecast,624000,5.009995
us-east-1,edgecast,625000,0.665001
us-east-1,edgecast,627000,82.510364
us-east-1,edgecast,630000,4.791602
us-east-1,edgecast,631000,66.430000
us-east-1,edgecast,632000,8.108288
us-east-1,edgecast,638000,6.312768
us-east-1,edgecast,639000,0.104996
us-east-1,edgecast,641000,1.084999
us-east-1,edgecast,643000,0.299995
us-east-1,edgecast,644000,0.144997
us-east-1,edgecast,645000,0.514999
us-east-1,edgecast,650000,14.371072
us-east-1,edgecast,652000,35.462402
us-east-1,edgecast,653000,0.445000
us-east-1,edgecast,654000,6.308492
us-east-1,edgecast,655000,5.996676
us-east-1,edgecast,659000,16.567751
us-east-1,edgecast,669000,8.445000
us-east-1,edgecast,670000,8.186214
us-east-1,edgecast,682000,372.575005
us-east-1,edgecast,684000,7.759275
us-east-1,edgecast,685000,4.068560
us-east-1,edgecast,688000,13.714828
us-east-1,edgecast,689000,14.459999
us-east-1,edgecast,691000,14.250000
us-east-1,edgecast,693000,3.619844
us-east-1,edgecast,698000,11.438736
us-east-1,edgecast,706000,23.055000
us-east-1,edgecast,708000,19.357844
us-east-1,edgecast,711000,11.450005
us-east-1,edgecast,713000,6.185005
us-east-1,edgecast,716000,6.034996
us-east-1,edgecast,717000,2.509995
us-east-1,edgecast,719000,47.333711
us-east-1,edgecast,727000,22.510002
us-east-1,edgecast,729000,0.885002
us-east-1,edgecast,731000,5.125000
us-east-1,edgecast,732000,0.594994
us-east-1,edgecast,735000,8.989180
us-east-1,edgecast,743000,15.193180
us-east-1,edgecast,745000,9.205002
us-east-1,edgecast,746000,6.275002
us-east-1,edgecast,748000,5.004997
us-east-1,edgecast,752000,50.798253
us-east-1,edgecast,758000,7.006038
us-east-1,edgecast,766000,105.560005
us-east-1,edgecast,774000,1.260002
us-east-1,edgecast,775000,6.080002
us-east-1,edgecast,779000,76.379990
us-east-1,edgecast,781000,5.800003
us-east-1,edgecast,785000,5.764999
us-east-1,edgecast,787000,1.355913
us-east-1,edgecast,791000,20.210007
us-east-1,edgecast,799000,0.654999
us-east-1,edgecast,800000,4.610001
us-east-1,edgecast,801000,3.029999
us-east-1,edgecast,807000,8.669998
us-east-1,edgecast,812000,9.019985
us-east-1,edgecast,817000,0.815002
us-east-1,edgecast,818000,6.815002
us-east-1,edgecast,822000,2.770004
us-east-1,edgecast,824000,0.315002
us-east-1,edgecast,826000,4.300003
us-east-1,edgecast,833000,0.010002
us-east-1,edgecast,846000,3.860001
us-east-1,edgecast,849000,36.049995
us-east-1,edgecast,861000,7.680104
us-east-1,edgecast,869000,2.184998
us-east-1,edgecast,877000,2.220001
us-east-1,edgecast,882000,0.680000
us-east-1,edgecast,912000,150.295013
us-east-1,edgecast,913000,1.494995
us-east-1,edgecast,924000,6.354996
us-east-1,edgecast,926000,2.810032
us-east-1,edgecast,936000,109.354996
us-east-1,edgecast,946000,9.594994
us-east-1,edgecast,955000,6.442834
us-east-1,edgecast,959000,8.625000
us-east-1,edgecast,965000,0.379997
us-east-1,edgecast,969000,247.724998
us-east-1,edgecast,976000,0.705002
us-east-1,edgecast,982000,5.889999
us-east-1,edgecast,998000,4.029999
us-east-1,edgecast,1012000,4.079994
us-east-1,edgecast,1015000,28.925003
us-east-1,edgecast,1016000,22.940705
us-east-1,edgecast,1033000,8.530006
us-east-1,edgecast,1040000,46.006969
us-east-1,edgecast,1048000,8.949472
us-east-1,edgecast,1065000,1.489998
us-east-1,edgecast,1069000,3.110001
us-east-1,edgecast,1072000,6.945000
us-east-1,edgecast,1082000,34.215004
us-east-1,edgecast,1084000,14.900009
us-east-1,edgecast,1098000,6.559998
us-east-1,edgecast,1106000,7.465012
us-east-1,edgecast,1113000,2.805008
us-east-1,edgecast,1149000,12.354996
us-east-1,edgecast,1155000,1.455002
us-east-1,edgecast,1220000,3.285004
us-east-1,edgecast,1254000,6.250000
